1,"Insertion of Hybrid External Fixation Device into Left Humeral Shaft, Percutaneous Endoscopic Approach"
2,"Removal of Nonautologous Tissue Substitute from Lower Jaw, External Approach"
3,"Plain Radiography of Right Hip, Densitometry"
4,"Insertion of Intraluminal Device into Intracranial Vein, Percutaneous Endoscopic Approach"
5,"Extirpation of Matter from Pericardium, Percutaneous Endoscopic Approach"
6,"Bypass Coronary Artery, Three Arteries from Coronary Artery with Synthetic Substitute, Percutaneous Endoscopic Approach"
7,Low Dose Rate (LDR) Brachytherapy of Inguinal Lymphatics using Palladium 103 (Pd-103)
8,"Revision of Drainage Device in Pituitary Gland, Percutaneous Approach"
9,Computerized Tomography (CT Scan) of Right Eye using High Osmolar Contrast
10,"Revision of Monitoring Device in Cerebral Ventricle, Percutaneous Endoscopic Approach"
11,"Reposition Left Femoral Shaft, External Approach"
12,Coordination/Dexterity Treatment of Integumentary System - Upper Back / Upper Extremity using Prosthesis
13,"Revision of Diaphragmatic Pacemaker Lead in Diaphragm, Via Natural or Artificial Opening"
14,"Drainage of Mesentery with Drainage Device, Open Approach"
15,"Destruction of Left Axillary Lymphatic, Percutaneous Endoscopic Approach"
16,"Destruction of Lower Esophagus, Via Natural or Artificial Opening Endoscopic"
17,"Bypass Right Foot Vein to Lower Vein with Autologous Arterial Tissue, Percutaneous Endoscopic Approach"
18,"Supplement Pulmonary Trunk with Autologous Tissue Substitute, Percutaneous Endoscopic Approach"
19,"Excision of Left Thorax Bursa and Ligament, Percutaneous Endoscopic Approach"
20,"Revision of Stimulator Lead in Upper Muscle, External Approach"
21,"Restriction of Jejunum with Intraluminal Device, Via Natural or Artificial Opening"
22,"Reattachment of Vagina, Open Approach"
23,"Supplement Left Posterior Tibial Artery with Autologous Tissue Substitute, Percutaneous Approach"
24,"Inspection of Left Upper Arm, Percutaneous Approach"
25,"Fusion of Right Acromioclavicular Joint with Synthetic Substitute, Percutaneous Approach"
26,"Repair Chest Wall, Open Approach"
27,Beam Radiation of Tibia/Fibula using Neutrons
28,"Destruction of Trigeminal Nerve, Percutaneous Endoscopic Approach"
29,"Bypass Peritoneal Cavity to Left Pleural Cavity with Synthetic Substitute, Percutaneous Endoscopic Approach"
30,"Drainage of Splenic Artery with Drainage Device, Percutaneous Endoscopic Approach"
31,"Extirpation of Matter from Oculomotor Nerve, Open Approach"
32,"Drainage of Right Large Intestine, Open Approach"
33,Magnetic Resonance Imaging (MRI) of Right Breast
34,"Reattachment of Left Buttock, Open Approach"
35,"Revision of Intraluminal Device in Urethra, External Approach"
36,"Repair Left External Auditory Canal, Via Natural or Artificial Opening Endoscopic"
37,Fluoroscopy of Right Brachiocephalic-Subclavian Artery using Low Osmolar Contrast
38,High Dose Rate (HDR) Brachytherapy of Salivary Glands using Other Isotope
39,Computerized Tomography (CT Scan) of Prostate using High Osmolar Contrast
40,Magnetic Resonance Imaging (MRI) of Sacrum and Coccyx using Other Contrast
41,"Dilation of Stomach, Via Natural or Artificial Opening Endoscopic"
42,"Excision of Perineum Bursa and Ligament, Percutaneous Approach, Diagnostic"
43,"Excision of Rectum, Via Natural or Artificial Opening Endoscopic, Diagnostic"
44,"Extirpation of Matter from Right Tarsal, Open Approach"
45,"Removal of Drainage Device from Right Eye, External Approach"
46,Contact Radiation of Sinuses
47,"Fusion of Right Carpal Joint with Synthetic Substitute, Percutaneous Approach"
48,Plain Radiography of Left Pelvic (Iliac) Veins using Other Contrast
49,"Excision of Left Sublingual Gland, Open Approach, Diagnostic"
50,"Beam Radiation of Jejunum using Heavy Particles (Protons,Ions)"
51,"Removal of Autologous Tissue Substitute from Mesentery, Open Approach"
52,"Inspection of Left Finger Phalangeal Joint, Percutaneous Endoscopic Approach"
53,"Bypass Right Axillary Artery to Bilateral Upper Arm Artery with Synthetic Substitute, Open Approach"
54,"Alteration of Left External Ear with Synthetic Substitute, Open Approach"
55,"Removal of External Fixation Device from Right Wrist Joint, External Approach"
56,Fluoroscopy of Right Calcaneus
57,"Occlusion of Upper Vein with Intraluminal Device, Percutaneous Approach"
58,"Dilation of Left Parotid Duct with Intraluminal Device, Percutaneous Approach"
59,"Supplement Left Upper Lobe Bronchus with Nonautologous Tissue Substitute, Percutaneous Endoscopic Approach"
60,"Supplement Nasal Septum with Synthetic Substitute, Open Approach"
61,Plaque Radiation of Pineal Body
62,"Reposition Bilateral Kidneys, Percutaneous Endoscopic Approach"
63,"Drainage of Femoral Nerve, Open Approach"
64,Fluoroscopy of Thoracic Spine
65,Computerized Tomography (CT Scan) of Right Upper Arm using Low Osmolar Contrast
66,"Insertion of Infusion Device into Right Common Iliac Artery, Percutaneous Endoscopic Approach"
67,"Supplement Left Carpal Joint with Autologous Tissue Substitute, Open Approach"
68,"Transfer Trigeminal Nerve to Glossopharyngeal Nerve, Open Approach"
69,"Supplement Right Lower Arm and Wrist Tendon with Nonautologous Tissue Substitute, Percutaneous Endoscopic Approach"
70,"Revision of Autologous Tissue Substitute in Cervicothoracic Vertebral Disc, Percutaneous Endoscopic Approach"
71,"Extraction of Left Foot Subcutaneous Tissue and Fascia, Open Approach"
72,"Supplement Bilateral Epididymis with Autologous Tissue Substitute, Percutaneous Endoscopic Approach"
73,"Bypass Right Popliteal Artery to Peroneal Artery with Autologous Venous Tissue, Open Approach"
74,"Reposition Left Maxilla with External Fixation Device, Percutaneous Approach"
75,"Extirpation of Matter from Bilateral Vas Deferens, Percutaneous Endoscopic Approach"
76,"Supplement Mitral Valve created from Left Atrioventricular Valve with Synthetic Substitute, Percutaneous Approach"
77,"Insertion of Monitoring Device into Ileum, Via Natural or Artificial Opening Endoscopic"
78,"Replacement of Right Clavicle with Synthetic Substitute, Percutaneous Approach"
79,"Replacement of Right Thumb with Left Toe, Autologous Tissue Substitute, Open Approach"
80,Removal of Other Device on Right Lower Leg
81,"Excision of Sacrococcygeal Joint, Open Approach"
82,"Supplement Right Seminal Vesicle with Synthetic Substitute, Open Approach"
83,"Dilation of Left Anterior Tibial Artery, Bifurcation, with Four or More Intraluminal Devices, Percutaneous Approach"
84,"Revision of Infusion Device in Cerebral Ventricle, Percutaneous Approach"
85,"Revision of Nonautologous Tissue Substitute in Upper Artery, External Approach"
86,"Extirpation of Matter from Left Seminal Vesicle, Percutaneous Endoscopic Approach"
87,"Removal of Drainage Device from Right Knee Joint, Percutaneous Endoscopic Approach"
88,"Repair Right Fibula, External Approach"
89,"Revision of Drainage Device in Cervical Vertebral Joint, External Approach"
90,"Excision of Hemiazygos Vein, Open Approach"
91,"Repair Head Muscle, Percutaneous Approach"
92,"Monitoring of Central Nervous Electrical Activity, Intraoperative, Percutaneous Approach"
93,"Resection of Left Lower Extremity Bursa and Ligament, Percutaneous Endoscopic Approach"
94,"Revision of Zooplastic Tissue in Pulmonary Valve, Percutaneous Endoscopic Approach"
95,"Supplement Left Occipital Bone with Synthetic Substitute, Percutaneous Endoscopic Approach"
96,"Removal of External Fixation Device from Left Toe Phalanx, Percutaneous Approach"
97,"Repair Lumbar Vertebral Joint, External Approach"
98,"Dilation of Right Renal Vein with Intraluminal Device, Open Approach"
99,"Repair Right Shoulder Bursa and Ligament, Percutaneous Approach"
100,"Revision of Internal Fixation Device in Right Wrist Joint, Open Approach"
101,"Introduction of Nutritional Substance into Upper GI, Via Natural or Artificial Opening"
102,"Removal of External Fixation Device from Left Tarsal Joint, External Approach"
103,"Transfusion of Autologous White Cells into Peripheral Artery, Percutaneous Approach"
104,"Reposition Left Fibula with Ring External Fixation Device, Percutaneous Endoscopic Approach"
105,"Removal of Synthetic Substitute from Scrotum and Tunica Vaginalis, Via Natural or Artificial Opening"
106,"Supplement Right Hip Joint with Synthetic Substitute, Open Approach"
107,"Destruction of Left Vas Deferens, Open Approach"
108,"Supplement Right Radius with Nonautologous Tissue Substitute, Percutaneous Approach"
109,"Transfusion of Autologous Whole Blood into Peripheral Vein, Percutaneous Approach"
110,"Destruction of Esophagus, Percutaneous Endoscopic Approach"
111,"Drainage of Right Brachial Vein, Percutaneous Approach"
112,"Destruction of Right Auditory Ossicle, Open Approach"
113,"Replacement of Right Thorax Tendon with Autologous Tissue Substitute, Percutaneous Endoscopic Approach"
114,"Transfer Soft Palate, External Approach"
115,"Excision of Left Thumb Phalanx, Percutaneous Endoscopic Approach"
116,"Fusion of Left Toe Phalangeal Joint with Nonautologous Tissue Substitute, Percutaneous Approach"
117,"Dilation of Left Pulmonary Vein with Intraluminal Device, Percutaneous Approach"
118,"Bypass Left Internal Iliac Artery to Right Internal Iliac Artery with Autologous Venous Tissue, Open Approach"
119,"Extirpation of Matter from Thoracic Vertebral Joint, Percutaneous Endoscopic Approach"
120,"Occlusion of Middle Esophagus with Extraluminal Device, Open Approach"
121,"Transfer Vagus Nerve to Acoustic Nerve, Open Approach"
122,"Repair Cervicothoracic Vertebral Disc, External Approach"
123,"Supplement Left Foot Muscle with Nonautologous Tissue Substitute, Open Approach"
124,"Repair Left Knee Bursa and Ligament, Percutaneous Approach"
125,"Revision of Drainage Device in Facial Bone, Open Approach"
126,"Drainage of Left Rib, Percutaneous Endoscopic Approach"
127,"Revision of Monitoring Device in Pleura, Via Natural or Artificial Opening"
128,"Drainage of Bilateral Spermatic Cords, Percutaneous Approach, Diagnostic"
129,"Drainage of Right Axilla with Drainage Device, Percutaneous Approach"
130,"Drainage of Left External Auditory Canal, Open Approach, Diagnostic"
131,"Supplement Mitral Valve created from Left Atrioventricular Valve with Zooplastic Tissue, Percutaneous Endoscopic Approach"
132,"Supplement Pulmonary Valve with Nonautologous Tissue Substitute, Percutaneous Endoscopic Approach"
133,"Introduction of Oxazolidinones into Products of Conception, Percutaneous Approach"
134,"Removal of Nonautologous Tissue Substitute from Right Metacarpocarpal Joint, Open Approach"
135,"Resection of Left Eye, External Approach"
136,"Control Bleeding in Left Shoulder Region, Percutaneous Approach"
137,"Fluoroscopy of Bilateral Internal Carotid Arteries using Low Osmolar Contrast, Laser Intraoperative"
138,"Reposition Esophagus, Via Natural or Artificial Opening"
139,"Insertion of Infusion Device into Abdominal Wall, Open Approach"
140,Beam Radiation of Diaphragm using Photons <1 MeV
141,"Excision of Portal Vein, Open Approach"
142,"Drainage of Facial Muscle with Drainage Device, Open Approach"
143,"Repair Right Ankle Region, Open Approach"
144,"Release Right Hand Tendon, Percutaneous Approach"
145,"Supplement Left Hip Joint with Synthetic Substitute, Open Approach"
146,"Revision of Autologous Tissue Substitute in Lower Tendon, Percutaneous Approach"
147,"Alteration of Abdominal Wall with Autologous Tissue Substitute, Open Approach"
148,"Transfusion of Nonautologous Fibrinogen into Peripheral Artery, Open Approach"
149,"Replacement of Right Pulmonary Vein with Synthetic Substitute, Percutaneous Endoscopic Approach"
150,"Inspection of Uterus and Cervix, Percutaneous Approach"
151,"Reattachment of Large Intestine, Open Approach"
152,"Transfer Facial Nerve to Acoustic Nerve, Percutaneous Endoscopic Approach"
153,"Release Left Shoulder Bursa and Ligament, External Approach"
154,"Alteration of Left Lower Extremity, Open Approach"
155,"Bypass Cystic Duct to Small Intestine, Percutaneous Endoscopic Approach"
156,"Removal of Autologous Tissue Substitute from Upper Back, External Approach"
157,"Removal of Nonautologous Tissue Substitute from Right Glenoid Cavity, Percutaneous Approach"
158,Therapeutic Exercise Treatment of Integumentary System - Whole Body using Other Equipment
159,"Dilation of Left Main Bronchus with Intraluminal Device, Percutaneous Approach"
160,"Drainage of Left Foot Bursa and Ligament with Drainage Device, Percutaneous Approach"
161,"Computerized Tomography (CT Scan) of Left Eye using Low Osmolar Contrast, Unenhanced and Enhanced"
162,"Replacement of Common Bile Duct with Synthetic Substitute, Percutaneous Endoscopic Approach"
163,"Replacement of Right Temporal Artery with Nonautologous Tissue Substitute, Open Approach"
164,"Drainage of Descending Colon with Drainage Device, Via Natural or Artificial Opening Endoscopic"
165,"Release Right Lower Leg Tendon, Percutaneous Endoscopic Approach"
166,"Destruction of Right Radius, Percutaneous Endoscopic Approach"
167,"Excision of Left Sternoclavicular Joint, Percutaneous Approach, Diagnostic"
168,Compression of Face using Pressure Dressing
169,"Extirpation of Matter from Right Vas Deferens, Percutaneous Approach"
170,"Bypass Right External Iliac Vein to Lower Vein, Percutaneous Endoscopic Approach"
171,"Restriction of Descending Colon with Intraluminal Device, Open Approach"
172,"Restriction of Pancreatic Duct, Via Natural or Artificial Opening Endoscopic"
173,"Removal of Synthetic Substitute from Cerebral Ventricle, Open Approach"
174,"Supplement Face with Nonautologous Tissue Substitute, Percutaneous Endoscopic Approach"
175,"Excision of Right Lower Lobe Bronchus, Via Natural or Artificial Opening Endoscopic"
176,"Drainage of Pelvic Cavity, Open Approach"
177,"Excision of Uterine Supporting Structure, Via Natural or Artificial Opening Endoscopic"
178,"Dilation of Left Internal Mammary Artery, Bifurcation, with Two Drug-eluting Intraluminal Devices, Percutaneous Endoscopic Approach"
179,"Revision of Drainage Device in Prostate and Seminal Vesicles, Percutaneous Endoscopic Approach"
180,"Extirpation of Matter from Left Ulnar Artery, Bifurcation, Percutaneous Endoscopic Approach"
181,"Revision of External Fixation Device in Right Metatarsal-Phalangeal Joint, External Approach"
182,"Respiratory Ventilation, Less than 24 Consecutive Hours"
183,"Bypass Common Bile Duct to Right Hepatic Duct, Open Approach"
184,"Drainage of Left Hand Muscle, Open Approach, Diagnostic"
185,"Excision of Left Kidney Pelvis, Percutaneous Approach, Diagnostic"
186,"Repair Soft Palate, Percutaneous Approach"
187,"Occlusion of Left Common Carotid Artery, Percutaneous Approach"
188,Fluoroscopy of Left Forearm
189,"Introduction of Oxazolidinones into Pericardial Cavity, Percutaneous Approach"
190,Beam Radiation of Liver using Photons >10 MeV
191,Ultrasonography of Lower Extremity Tendons
192,"Revision of Radioactive Element in Gastrointestinal Tract, External Approach"
193,"Division of Left Scapula, Open Approach"
194,"Drainage of Carina, Via Natural or Artificial Opening Endoscopic, Diagnostic"
195,"Supplement Abdominal Aorta with Nonautologous Tissue Substitute, Open Approach"
196,"Dilation of Left Peroneal Artery, Bifurcation, with Four or More Intraluminal Devices, Percutaneous Endoscopic Approach"
197,"Restriction of Upper Vein, Percutaneous Approach"
198,"Insertion of Infusion Device into Pancreas, Percutaneous Approach"
199,"Revision of Other Device in Female Perineum, Open Approach"
200,"Removal of Radioactive Element from Male Perineum, Open Approach"
201,"Bypass Superior Vena Cava to Pulmonary Vein Confluence, Percutaneous Endoscopic Approach"
202,"Excision of Right Metacarpophalangeal Joint, Open Approach, Diagnostic"
203,"Excision of Optic Nerve, Percutaneous Endoscopic Approach"
204,"Supplement Right Common Iliac Vein with Nonautologous Tissue Substitute, Open Approach"
205,"Extirpation of Matter from Left External Iliac Vein, Open Approach"
206,"Removal of External Fixation Device from Left Hip Joint, Percutaneous Endoscopic Approach"
207,Beam Radiation of Diaphragm using Photons 1 - 10 MeV
208,"Drainage of Uterus with Drainage Device, Via Natural or Artificial Opening Endoscopic"
209,"Revision of Autologous Tissue Substitute in Left Metacarpocarpal Joint, Open Approach"
210,"Supplement Transverse Colon with Nonautologous Tissue Substitute, Via Natural or Artificial Opening Endoscopic"
211,"Drainage of Right Metatarsal-Phalangeal Joint with Drainage Device, Open Approach"
212,"Occlusion of Right Hypogastric Vein, Percutaneous Endoscopic Approach"
213,"Dilation of Right Radial Artery, Bifurcation, with Two Drug-eluting Intraluminal Devices, Open Approach"
214,"Excision of Right Upper Lung Lobe, Via Natural or Artificial Opening, Diagnostic"
215,"Destruction of Right Superior Parathyroid Gland, Percutaneous Approach"
216,"Insertion of Intramedullary Internal Fixation Device into Right Lower Femur, Open Approach"
217,Magnetic Resonance Imaging (MRI) of Corpora Cavernosa using Other Contrast
218,"Dilation of Coronary Artery, Two Arteries with Four or More Intraluminal Devices, Percutaneous Endoscopic Approach"
219,"Drainage of Superior Mesenteric Vein with Drainage Device, Percutaneous Endoscopic Approach"
220,"Revision of Drainage Device in Lower Artery, Open Approach"
221,"Destruction of Left Upper Arm Muscle, Open Approach"
222,"Introduction of Other Antineoplastic into Central Vein, Open Approach"
223,"Revision of Drainage Device in Left Metatarsal-Tarsal Joint, Percutaneous Approach"
224,"Dilation of Middle Colic Artery, Bifurcation, Open Approach"
225,"Excision of Bilateral Testes, Percutaneous Endoscopic Approach"
226,"Excision of Right External Auditory Canal, Percutaneous Endoscopic Approach, Diagnostic"
227,Computerized Tomography (CT Scan) of Pelvis using Low Osmolar Contrast
228,"Repair Bilateral Fallopian Tubes, Via Natural or Artificial Opening"
229,"Insertion of Infusion Device into Oral Cavity and Throat, Open Approach"
230,"Introduction of Other Diagnostic Substance into Genitourinary Tract, Percutaneous Approach"
231,"Revision of Autologous Tissue Substitute in Sacrum, Percutaneous Endoscopic Approach"
232,"Bypass Right Vertebral Vein to Upper Vein, Open Approach"
233,"Transfusion of Nonautologous Antihemophilic Factors into Products of Conception, Circulatory, Via Natural or Artificial Opening"
234,Beam Radiation of Larynx using Electrons
235,"Drainage of Left Femoral Artery with Drainage Device, Percutaneous Endoscopic Approach"
236,"Revision of Synthetic Substitute in Left Metatarsal-Phalangeal Joint, Percutaneous Approach"
237,"Bypass Left Subclavian Artery to Left Lower Leg Artery with Synthetic Substitute, Open Approach"
238,"Beam Radiation of Sternum using Electrons, Intraoperative"
239,"Occlusion of Left Uterine Artery with Intraluminal Device, Percutaneous Endoscopic Approach"
240,Computerized Tomography (CT Scan) of Abdominal Aorta using High Osmolar Contrast
241,"Excision of Left Conjunctiva, External Approach"
242,"Dilation of Right Radial Artery, Bifurcation, with Three Drug-eluting Intraluminal Devices, Open Approach"
243,"Detachment at Left Foot, Partial 1st Ray, Open Approach"
244,High Dose Rate (HDR) Brachytherapy of Left Breast using Iridium 192 (Ir-192)
245,"Bypass Right Internal Iliac Artery to Left Internal Iliac Artery with Autologous Arterial Tissue, Open Approach"
246,"Repair Right Trunk Bursa and Ligament, Percutaneous Endoscopic Approach"
247,"Repair Skin in Products of Conception with Other Device, Percutaneous Endoscopic Approach"
248,"Transfer Left Lower Leg Subcutaneous Tissue and Fascia with Skin and Subcutaneous Tissue, Percutaneous Approach"
249,"Insertion of Infusion Device into Kidney, Via Natural or Artificial Opening Endoscopic"
250,"Revision of Other Device in Upper Back, Percutaneous Endoscopic Approach"
251,"Excision of Right Sacroiliac Joint, Percutaneous Endoscopic Approach, Diagnostic"
252,"Repair Left Elbow Region, Percutaneous Approach"
253,"Inspection of Pleura, External Approach"
254,"Drainage of Left Sphenoid Bone, Percutaneous Approach, Diagnostic"
255,"Coordination/Dexterity Treatment of Integumentary System - Upper Back / Upper Extremity using Assistive, Adaptive, Supportive or Protective Equipment"
256,Compression of Right Lower Leg using Pressure Dressing
257,"Release Ileum, Percutaneous Approach"
258,"Replacement of Left Axillary Vein with Nonautologous Tissue Substitute, Open Approach"
259,"Release Left Carpal, Percutaneous Endoscopic Approach"
260,Stereotactic Gamma Beam Radiosurgery of Tongue
261,"Occlusion of Aortic Lymphatic, Open Approach"
262,"Excision of Left Face Vein, Percutaneous Approach"
263,"Extirpation of Matter from Prostate, Open Approach"
264,"Extirpation of Matter from Esophagus, Via Natural or Artificial Opening Endoscopic"
265,"Destruction of Scrotum, Open Approach"
266,"Excision of Gastric Vein, Open Approach, Diagnostic"
267,"Replacement of Right Lacrimal Duct with Autologous Tissue Substitute, Via Natural or Artificial Opening"
268,"Mental Health, Biofeedback"
269,"Drainage of Middle Colic Artery, Percutaneous Approach, Diagnostic"
270,"Insertion of External Fixation Device into Left Toe Phalanx, Percutaneous Endoscopic Approach"
271,"Extirpation of Matter from Middle Colic Artery, Percutaneous Approach"
272,"Supplement Left Seminal Vesicle with Autologous Tissue Substitute, Percutaneous Endoscopic Approach"
273,"Supplement Left Hand Artery with Synthetic Substitute, Percutaneous Endoscopic Approach"
274,"Revision of Nonautologous Tissue Substitute in Left Upper Femur, External Approach"
275,"Bypass Left Femoral Vein to Lower Vein, Open Approach"
276,"Drainage of Descending Colon, Open Approach"
277,"Extraction of Accessory Sinus, Percutaneous Approach"
278,"Removal of Hearing Device from Left Inner Ear, Open Approach"
279,"Insertion of Infusion Device into Duodenum, Percutaneous Approach"
280,"Fusion of Left Elbow Joint with Internal Fixation Device, Percutaneous Approach"
281,"Repair Left Pelvic Bone, External Approach"
282,"Removal of Drainage Device from Peripheral Nerve, Percutaneous Approach"
283,"Excision of Thymus, Percutaneous Endoscopic Approach"
284,"Excision of Aortic Body, Percutaneous Approach"
285,"Excision of Pharynx, Via Natural or Artificial Opening Endoscopic"
286,"Removal of Stimulator Lead from Bladder, Percutaneous Endoscopic Approach"
287,"Supplement Right Middle Finger with Synthetic Substitute, Open Approach"
288,"Supplement Right Lower Arm and Wrist Muscle with Autologous Tissue Substitute, Percutaneous Endoscopic Approach"
289,"Bypass Left Common Iliac Artery to Left Renal Artery, Percutaneous Endoscopic Approach"
290,"Reposition Right Tarsal Joint with External Fixation Device, Percutaneous Endoscopic Approach"
291,"Destruction of Left Hand Artery, Open Approach"
292,"Removal of Nonautologous Tissue Substitute from Cervical Vertebral Disc, Percutaneous Endoscopic Approach"
293,Fluoroscopy of Left Hip using High Osmolar Contrast
294,"Revision of Nonautologous Tissue Substitute in Thoracic Vertebral Disc, Percutaneous Endoscopic Approach"
295,"Removal of Internal Fixation Device from Left Metacarpocarpal Joint, Open Approach"
296,"Drainage of Left Hand Bursa and Ligament, Percutaneous Endoscopic Approach, Diagnostic"
297,"Excision of Bilateral Ovaries, Open Approach, Diagnostic"
298,High Dose Rate (HDR) Brachytherapy of Pelvic Region using Iodine 125 (I-125)
299,"Drainage of Lower Gingiva, Percutaneous Approach"
300,"Restriction of Right Renal Vein with Extraluminal Device, Percutaneous Endoscopic Approach"
301,"Extirpation of Matter from Pericardium, Percutaneous Endoscopic Approach"
302,"Destruction of Uterus, Percutaneous Approach"
303,"Occlusion of Right Brachial Artery with Intraluminal Device, Percutaneous Approach"
304,"Fusion of Left Wrist Joint with Autologous Tissue Substitute, Open Approach"
305,"Dilation of Left Anterior Tibial Artery, Bifurcation, with Four or More Intraluminal Devices, Percutaneous Approach"
306,"Restriction of Ampulla of Vater with Extraluminal Device, Percutaneous Approach"
307,"Bypass Right Axillary Artery to Right Extracranial Artery with Synthetic Substitute, Open Approach"
308,"Drainage of Sacral Sympathetic Nerve, Percutaneous Endoscopic Approach"
309,"Replacement of Left Knee Joint, Femoral Surface with Synthetic Substitute, Cemented, Open Approach"
310,"Extirpation of Matter from Left Foot Skin, External Approach"
311,"Dilation of Left External Iliac Artery with Three Intraluminal Devices, Percutaneous Endoscopic Approach"
312,"Destruction of Right Internal Carotid Artery, Percutaneous Endoscopic Approach"
313,"Dilation of Right Common Iliac Artery, Bifurcation, Percutaneous Endoscopic Approach"
314,Removal of Brace on Right Foot
315,"Revision of Drainage Device in Right Carpal Joint, Percutaneous Endoscopic Approach"
316,"Excision of Right Shoulder Tendon, Percutaneous Approach"
317,"Beam Radiation of Mandible using Heavy Particles (Protons,Ions)"
318,"Drainage of Right Sublingual Gland with Drainage Device, Open Approach"
319,Plain Radiography of Inferior Mesenteric Artery using Other Contrast
320,"Removal of Autologous Tissue Substitute from Face, External Approach"
321,"Extirpation of Matter from Left External Carotid Artery, Bifurcation, Percutaneous Approach"
322,"Extirpation of Matter from Right Ureter, Percutaneous Endoscopic Approach"
323,"Bypass Transverse Colon to Cutaneous with Nonautologous Tissue Substitute, Via Natural or Artificial Opening Endoscopic"
324,"Destruction of Right Sphenoid Sinus, Percutaneous Endoscopic Approach"
325,"Reposition Left Common Carotid Artery, Percutaneous Endoscopic Approach"
326,"Replacement of Splenic Vein with Synthetic Substitute, Open Approach"
327,Plain Radiography of Epidural Veins using Low Osmolar Contrast
328,"Drainage of Left Pleura with Drainage Device, Percutaneous Endoscopic Approach"
329,"Excision of Right Lower Leg Muscle, Percutaneous Approach, Diagnostic"
330,"Replacement of Left Lacrimal Duct with Synthetic Substitute, Open Approach"
331,"Dilation of Left Internal Mammary Artery with Two Drug-eluting Intraluminal Devices, Open Approach"
332,"Drainage of Right Humeral Head, Percutaneous Approach"
333,"Bypass Ileum to Rectum, Percutaneous Endoscopic Approach"
334,"Excision of Right Upper Lobe Bronchus, Via Natural or Artificial Opening"
335,"Revision of Reservoir in Trunk Subcutaneous Tissue and Fascia, Open Approach"
336,"Repair Intracranial Vein, Open Approach"
337,"Destruction of Anus, External Approach"
338,"Dilation of Right Internal Mammary Artery with Drug-eluting Intraluminal Device, Percutaneous Approach"
339,"Replacement of Left Orbit with Nonautologous Tissue Substitute, Percutaneous Endoscopic Approach"
340,"Revision of Synthetic Substitute in Right Sacroiliac Joint, Percutaneous Endoscopic Approach"
341,"Reposition Right Lower Femur with Monoplanar External Fixation Device, Percutaneous Approach"
342,"Release Thoracic Vertebra, Percutaneous Endoscopic Approach"
343,"Dilation of Left Temporal Artery with Three Intraluminal Devices, Percutaneous Approach"
344,"Resection of Right Auditory Ossicle, Open Approach"
345,"Extraction of Sciatic Nerve, Percutaneous Approach"
346,"Restriction of Right Lacrimal Duct, Via Natural or Artificial Opening"
347,"Supplement Right 3rd Toe with Autologous Tissue Substitute, Percutaneous Endoscopic Approach"
348,"Reposition Right Metatarsal-Tarsal Joint with External Fixation Device, Percutaneous Approach"
349,Plain Radiography of Bilateral Jugular Veins using Low Osmolar Contrast
350,"Removal of Drainage Device from Stomach, Percutaneous Approach"
351,"Extirpation of Matter from Right Axillary Vein, Percutaneous Approach"
352,"Bypass Descending Colon to Descending Colon with Nonautologous Tissue Substitute, Open Approach"
353,"Destruction of Bladder Neck, Percutaneous Endoscopic Approach"
354,"Drainage of Middle Esophagus with Drainage Device, Percutaneous Endoscopic Approach"
355,"Release Hypoglossal Nerve, Percutaneous Endoscopic Approach"
356,"Drainage of Right Lung with Drainage Device, Percutaneous Approach"
357,"Fragmentation in Gallbladder, Via Natural or Artificial Opening"
358,"Replacement of Left Glenoid Cavity with Nonautologous Tissue Substitute, Open Approach"
359,"Bypass Left Fallopian Tube to Right Fallopian Tube with Synthetic Substitute, Open Approach"
360,"Replacement of Right Foot Subcutaneous Tissue and Fascia with Nonautologous Tissue Substitute, Percutaneous Approach"
361,"Drainage of Left Lacrimal Duct with Drainage Device, Percutaneous Approach"
362,"Bypass Middle Esophagus to Duodenum with Autologous Tissue Substitute, Via Natural or Artificial Opening Endoscopic"
363,"Supplement Right Orbit with Nonautologous Tissue Substitute, Percutaneous Approach"
364,"Alteration of Right Upper Leg with Nonautologous Tissue Substitute, Percutaneous Approach"
365,"Eye, Insertion"
366,"Fusion of Right Ankle Joint with Autologous Tissue Substitute, Percutaneous Approach"
367,"Excision of Left Upper Extremity Lymphatic, Percutaneous Approach, Diagnostic"
368,"Reposition Olfactory Nerve, Open Approach"
369,"Supplement Right Acetabulum with Autologous Tissue Substitute, Percutaneous Endoscopic Approach"
370,"Revision of Autologous Tissue Substitute in Lumbar Vertebral Joint, Open Approach"
371,"Release Cerebral Meninges, Percutaneous Approach"
372,"Fragmentation in Pancreatic Duct, Open Approach"
373,"Restriction of Left Axillary Lymphatic, Open Approach"
374,Low Dose Rate (LDR) Brachytherapy of Kidney using Californium 252 (Cf-252)
375,"Supplement Hypoglossal Nerve with Autologous Tissue Substitute, Percutaneous Approach"
376,Low Dose Rate (LDR) Brachytherapy of Bronchus using Palladium 103 (Pd-103)
377,"Drainage of Right External Iliac Vein, Open Approach"
378,"Fusion of Left Tarsal Joint with External Fixation Device, Percutaneous Endoscopic Approach"
379,"Restriction of Ileocecal Valve, Via Natural or Artificial Opening Endoscopic"
380,Computerized Tomography (CT Scan) of Right Tibia/Fibula using Low Osmolar Contrast
381,"Insertion of Single Channel Cochlear Prosthesis into Left Inner Ear, Open Approach"
382,"Dilation of Rectum with Intraluminal Device, Percutaneous Endoscopic Approach"
383,"Resection of Coccyx, Open Approach"
384,"Revision of Synthetic Substitute in Larynx, Via Natural or Artificial Opening"
385,"Revision of Synthetic Substitute in Left Pleural Cavity, Percutaneous Endoscopic Approach"
386,"Repair Left Subclavian Artery, Percutaneous Endoscopic Approach"
387,"Drainage of Left Upper Arm Skin with Drainage Device, External Approach"
388,"Extirpation of Matter from Left Tympanic Membrane, Via Natural or Artificial Opening"
389,"Removal of Drainage Device from Lumbar Vertebral Joint, Open Approach"
390,"Bypass Left Common Iliac Artery to Bilateral External Iliac Arteries with Autologous Arterial Tissue, Percutaneous Endoscopic Approach"
391,"Destruction of Right Knee Bursa and Ligament, Open Approach"
392,"Supplement Left Thyroid Artery with Autologous Tissue Substitute, Percutaneous Approach"
393,"Release Head and Neck Tendon, Open Approach"
394,"Dilation of Left Upper Lobe Bronchus, Percutaneous Approach"
395,"Repair Right Maxilla, Percutaneous Endoscopic Approach"
396,"Drainage of Left Hip Muscle, Percutaneous Approach"
397,"Dilation of Left Thyroid Artery with Two Intraluminal Devices, Percutaneous Approach"
398,"Restriction of Duodenum with Extraluminal Device, Percutaneous Endoscopic Approach"
399,"Insertion of Hybrid External Fixation Device into Left Ulna, Percutaneous Endoscopic Approach"
400,"Bypass Abdominal Aorta to Lower Extremity Artery with Autologous Venous Tissue, Open Approach"
401,"Supplement Right Tarsal with Autologous Tissue Substitute, Percutaneous Endoscopic Approach"
402,"Restriction of Left Pulmonary Artery with Extraluminal Device, Percutaneous Endoscopic Approach"
403,"Magnetic Resonance Imaging (MRI) of Uterus and Ovaries using Other Contrast, Unenhanced and Enhanced"
404,"Destruction of Ileocecal Valve, Via Natural or Artificial Opening"
405,"Replacement of Nasopharynx with Nonautologous Tissue Substitute, Open Approach"
406,"Bypass Abdominal Aorta to Bilateral Internal Iliac Arteries, Percutaneous Endoscopic Approach"
407,Plain Radiography of Bilateral Pelvic (Iliac) Veins using Other Contrast
408,"Division of Right Upper Extremity Bursa and Ligament, Percutaneous Endoscopic Approach"
409,Stereotactic Other Photon Radiosurgery of Kidney
410,"Fusion of Right Sacroiliac Joint with Synthetic Substitute, Open Approach"
411,"Planar Nuclear Medicine Imaging of Kidneys, Ureters and Bladder using Other Radionuclide"
412,"Removal of Infusion Device from Right Upper Extremity, Open Approach"
413,"Restriction of Left Lower Extremity Lymphatic with Intraluminal Device, Percutaneous Endoscopic Approach"
414,"Reattachment of Right Ovary, Open Approach"
415,"Excision of Right Axillary Artery, Open Approach"
416,"Dilation of Left Main Bronchus with Intraluminal Device, Open Approach"
417,"Supplement Right Ankle Joint with Synthetic Substitute, Open Approach"
418,"Fragmentation in Cecum, External Approach"
419,"Replacement of Left Sphenoid Bone with Autologous Tissue Substitute, Percutaneous Approach"
420,"Replacement of Right Upper Eyelid with Synthetic Substitute, Open Approach"
421,"Repair Right Internal Iliac Artery, Open Approach"
422,"Extirpation of Matter from Bladder Neck, Open Approach"
423,"Supplement Right Thumb Phalanx with Autologous Tissue Substitute, Percutaneous Approach"
424,"Excision of Right Ankle Tendon, Open Approach, Diagnostic"
425,"Extraction of Left Mastoid Sinus, Open Approach"
426,"Excision of Pelvic Region Subcutaneous Tissue and Fascia, Percutaneous Approach, Diagnostic"
427,"Reposition Right Toe Phalanx, Open Approach"
428,"Revision of Synthetic Substitute in Right Acetabulum, Percutaneous Approach"
429,"Supplement Left Toe Phalangeal Joint with Nonautologous Tissue Substitute, Percutaneous Endoscopic Approach"
430,"Inspection of Head, Percutaneous Approach"
431,"Excision of Right Upper Arm, Percutaneous Endoscopic Approach"
432,"Resection of Hymen, Via Natural or Artificial Opening Endoscopic"
433,"Lymphatic and Hemic Systems, Insertion"
434,"Bypass Coronary Artery, Two Arteries from Right Internal Mammary with Nonautologous Tissue Substitute, Open Approach"
435,"Excision of Left Upper Arm, Open Approach, Diagnostic"
436,"Drainage of Left Lower Arm Subcutaneous Tissue and Fascia with Drainage Device, Percutaneous Approach"
437,"Insertion of Radioactive Element into Left Ankle Region, Percutaneous Approach"
438,"Occlusion of Right Posterior Tibial Artery, Percutaneous Endoscopic Approach"
439,"Ultrasonography of Right Subclavian Vein, Guidance"
440,"Dilation of Right Thyroid Artery, Bifurcation, with Four or More Intraluminal Devices, Percutaneous Approach"
441,"Release Abdomen Subcutaneous Tissue and Fascia, Open Approach"
442,"Release Right Upper Arm Tendon, Open Approach"
443,"Drainage of Right Foot Vein, Percutaneous Approach"
444,"Fusion of 2 to 7 Thoracic Vertebral Joints with Synthetic Substitute, Posterior Approach, Anterior Column, Open Approach"
445,"Drainage of Cervix, Percutaneous Endoscopic Approach"
446,"Release Middle Colic Artery, Open Approach"
447,Wound Management Treatment of Integumentary System - Whole Body using Orthosis
448,"Excision of Left Sternoclavicular Joint, Open Approach, Diagnostic"
449,"Extraction of Brachial Plexus, Percutaneous Approach"
450,"Destruction of Nasopharynx, Percutaneous Endoscopic Approach"
451,"Excision of Superior Mesenteric Artery, Open Approach"
452,"Release Left Lacrimal Bone, Percutaneous Approach"
453,"Revision of Autologous Tissue Substitute in Left Lower Extremity, Open Approach"
454,"Replacement of Right Hand Vein with Synthetic Substitute, Percutaneous Endoscopic Approach"
455,"Occlusion of Right Peroneal Artery with Intraluminal Device, Percutaneous Approach"
456,"Dilation of Left External Iliac Artery with Drug-eluting Intraluminal Device, Percutaneous Approach"
457,"Drainage of Right Renal Vein, Open Approach"
458,"Drainage of Face, Percutaneous Endoscopic Approach, Diagnostic"
459,"Excision of Left Eustachian Tube, Via Natural or Artificial Opening Endoscopic, Diagnostic"
460,"Extirpation of Matter from Right Upper Eyelid, Percutaneous Approach"
461,"Repair Left Breast, Open Approach"
462,Computerized Tomography (CT Scan) of Head and Neck using Other Contrast
463,High Dose Rate (HDR) Brachytherapy of Inguinal Lymphatics using Other Isotope
464,"Dilation of Gastric Artery, Percutaneous Endoscopic Approach"
465,"Destruction of Right Glenoid Cavity, Percutaneous Approach"
466,Aural Rehabilitation Status Assessment using Cochlear Implant Equipment
467,"Introduction of Local Anesthetic into Biliary and Pancreatic Tract, Via Natural or Artificial Opening Endoscopic"
468,"Therapeutic Exercise Treatment of Musculoskeletal System - Whole Body using Assistive, Adaptive, Supportive or Protective Equipment"
469,"Supplement Left Innominate Vein with Nonautologous Tissue Substitute, Percutaneous Endoscopic Approach"
470,"Reposition Left Scapula, Open Approach"
471,Planar Nuclear Medicine Imaging of Right Lower Extremity Veins using Technetium 99m (Tc-99m)
472,"Control Bleeding in Right Upper Arm, Percutaneous Approach"
473,"Bypass Stomach to Transverse Colon with Autologous Tissue Substitute, Via Natural or Artificial Opening Endoscopic"
474,"Drainage of Olfactory Nerve with Drainage Device, Percutaneous Approach"
475,"Repair Right Sternoclavicular Joint, Percutaneous Approach"
476,Plain Radiography of Bilateral Vertebral Arteries
477,"Reposition Right Carpal Joint, External Approach"
478,"Supplement Chordae Tendineae with Nonautologous Tissue Substitute, Open Approach"
479,"Fluoroscopy of Left Upper Extremity Veins, Guidance"
480,"Release Left Lacrimal Duct, Via Natural or Artificial Opening"
481,"Excision of Tibial Nerve, Percutaneous Approach, Diagnostic"
482,"Repair Right Toe Phalangeal Joint, Percutaneous Approach"
483,"Insertion of Infusion Pump into Right Upper Arm Subcutaneous Tissue and Fascia, Percutaneous Approach"
484,"Supplement Lumbosacral Joint with Synthetic Substitute, Percutaneous Approach"
485,"Release Left Foot Artery, Open Approach"
486,"Supplement Left Carpal with Autologous Tissue Substitute, Percutaneous Endoscopic Approach"
487,"Bypass Portal Vein to Left Renal Vein with Autologous Venous Tissue, Open Approach"
488,"Removal of Drainage Device from Upper Bone, Percutaneous Approach"
489,"Reposition Right Ulna, Percutaneous Approach"
490,"Restriction of Left Temporal Artery, Percutaneous Approach"
491,"Drainage of Right Kidney Pelvis, Via Natural or Artificial Opening"
492,"Reposition Liver, Percutaneous Endoscopic Approach"
493,"Restriction of Middle Esophagus with Intraluminal Device, Open Approach"
494,High Dose Rate (HDR) Brachytherapy of Eye using Other Isotope
495,"Bypass Descending Colon to Cutaneous with Nonautologous Tissue Substitute, Open Approach"
496,"Supplement Bilateral Femoral Region with Autologous Tissue Substitute, Percutaneous Endoscopic Approach"
497,"Revision of External Fixation Device in Left Lower Femur, Open Approach"
498,"Drainage of Transverse Colon, Percutaneous Endoscopic Approach"
499,"Supplement of Face Subcutaneous Tissue and Fascia with Autologous Tissue Substitute, Open Approach"
500,"Dilation of Duodenum with Intraluminal Device, Percutaneous Endoscopic Approach"
501,"Removal of Radioactive Element from Pleura, Percutaneous Endoscopic Approach"
502,"Revision of Autologous Tissue Substitute in Cervicothoracic Vertebral Disc, Percutaneous Approach"
503,"Removal of Drainage Device from Peripheral Nerve, Open Approach"
504,"Introduction of Other Therapeutic Substance into Male Reproductive, Via Natural or Artificial Opening"
505,"Resection of Right Inferior Parathyroid Gland, Percutaneous Endoscopic Approach"
506,"Extirpation of Matter from Left Metacarpocarpal Joint, Percutaneous Approach"
507,"Extirpation of Matter from Right Extraocular Muscle, Percutaneous Approach"
508,"Drainage of Glossopharyngeal Nerve, Percutaneous Endoscopic Approach"
509,"Extirpation of Matter from Bladder Neck, Via Natural or Artificial Opening"
510,Magnetic Resonance Imaging (MRI) of Right Lower Leg
511,"Supplement Left Subclavian Artery with Nonautologous Tissue Substitute, Percutaneous Approach"
512,"Dilation of Left Internal Iliac Artery with Four or More Drug-eluting Intraluminal Devices, Open Approach"
513,Computerized Tomography (CT Scan) of Right Tracheobronchial Tree using Other Contrast
514,"Release Right Ethmoid Bone, Percutaneous Endoscopic Approach"
515,"Extirpation of Matter from Splenic Vein, Percutaneous Endoscopic Approach"
516,"Supplement Lesser Omentum with Autologous Tissue Substitute, Open Approach"
517,"Dilation of Right Femoral Artery with Drug-eluting Intraluminal Device, using Drug-Coated Balloon, Percutaneous Endoscopic Approach"
518,"Bypass Left Ureter to Bladder, Open Approach"
519,"Repair Right Hand Vein, Percutaneous Endoscopic Approach"
520,"Excision of Right Ankle Bursa and Ligament, Percutaneous Approach, Diagnostic"
521,"Fusion of 2 or more Cervical Vertebral Joints with Synthetic Substitute, Posterior Approach, Posterior Column, Percutaneous Endoscopic Approach"
522,Low Dose Rate (LDR) Brachytherapy of Pancreas using Iridium 192 (Ir-192)
523,"Occlusion of Left Fallopian Tube with Extraluminal Device, Open Approach"
524,"Bypass Right Internal Iliac Artery to Left External Iliac Artery with Autologous Venous Tissue, Open Approach"
525,"Supplement Right Upper Lobe Bronchus with Nonautologous Tissue Substitute, Open Approach"
526,"Revision of Drainage Device in Left Lung, Via Natural or Artificial Opening Endoscopic"
527,"Replacement of Left Lower Arm and Wrist Tendon with Autologous Tissue Substitute, Percutaneous Endoscopic Approach"
528,"Dilation of Right Common Iliac Artery, Bifurcation, with Two Intraluminal Devices, Percutaneous Endoscopic Approach"
529,"Revision of Monitoring Device in Stomach, Via Natural or Artificial Opening"
530,"Excision of Lower Esophagus, Via Natural or Artificial Opening Endoscopic"
531,"Replacement of Inferior Vena Cava with Autologous Tissue Substitute, Percutaneous Endoscopic Approach"
532,"Restriction of Middle Esophagus with Intraluminal Device, Percutaneous Approach"
533,"Reposition Cervicothoracic Vertebral Joint with Internal Fixation Device, Percutaneous Approach"
534,"Removal of Synthetic Substitute from Upper Bursa and Ligament, Open Approach"
535,"Replacement of Right Posterior Tibial Artery with Synthetic Substitute, Open Approach"
536,"Bypass Transverse Colon to Transverse Colon with Nonautologous Tissue Substitute, Percutaneous Endoscopic Approach"
537,"Revision of Feeding Device in Stomach, Via Natural or Artificial Opening Endoscopic"
538,"Endocrine System, Excision"
539,"Drainage of Right Kidney Pelvis, Percutaneous Endoscopic Approach"
540,"Extirpation of Matter from Left Internal Mammary Artery, Bifurcation, Percutaneous Endoscopic Approach"
541,"Revision of Infusion Device in Heart, Open Approach"
542,"Inspection of Left Acromioclavicular Joint, Percutaneous Endoscopic Approach"
543,"Fusion of Coccygeal Joint, Open Approach"
544,"Reposition Left Carpal, Open Approach"
545,"Removal of Synthetic Substitute from Right Breast, Percutaneous Approach"
546,"Drainage of Left Pleural Cavity, Percutaneous Endoscopic Approach, Diagnostic"
547,"Restriction of Left Lower Lobe Bronchus, Percutaneous Approach"
548,"Drainage of Right Acromioclavicular Joint, Percutaneous Approach"
549,"Drainage of Intracranial Vein, Open Approach, Diagnostic"
550,"Removal of Synthetic Substitute from Testis, Percutaneous Endoscopic Approach"
551,"Alteration of Left Wrist Region with Nonautologous Tissue Substitute, Open Approach"
552,Ultrasonography of Liver
553,"Chiropractic Manipulation of Thoracic Region, Non-Manual"
554,"Drainage of Left Lower Arm Skin, External Approach"
555,"Excision of Sternum, Open Approach"
556,"Destruction of Pineal Body, Open Approach"
557,"Drainage of Acoustic Nerve, Percutaneous Approach, Diagnostic"
558,"Reposition Middle Colic Artery, Open Approach"
559,"Fusion of Left Metatarsal-Tarsal Joint with Nonautologous Tissue Substitute, Percutaneous Approach"
560,"Supplement Prepuce with Autologous Tissue Substitute, Open Approach"
561,"Introduction of Other Diagnostic Substance into Peripheral Artery, Percutaneous Approach"
562,"Revision of Drainage Device in Right Lower Extremity, Percutaneous Endoscopic Approach"
563,"Destruction of Prepuce, Open Approach"
564,Beam Radiation of Maxilla using Neutrons
565,"Excision of Retroperitoneum, Open Approach, Diagnostic"
566,"Revision of Nonautologous Tissue Substitute in Left Scapula, Open Approach"
567,"Drainage of Thoracolumbar Vertebral Joint, Percutaneous Approach, Diagnostic"
568,"Monitoring of Venous Flow, Peripheral, Open Approach"
569,"Release Soft Palate, Open Approach"
570,"Replacement of Right Clavicle with Nonautologous Tissue Substitute, Open Approach"
571,"Restriction of Right Internal Iliac Artery with Intraluminal Device, Percutaneous Endoscopic Approach"
572,"Dilation of Lower Artery, Bifurcation, with Intraluminal Device, Percutaneous Endoscopic Approach"
573,"Control Bleeding in Left Knee Region, Percutaneous Endoscopic Approach"
574,"Dilation of Coronary Artery, Three Arteries with Four or More Drug-eluting Intraluminal Devices, Open Approach"
575,"Revision of Nonautologous Tissue Substitute in Fallopian Tube, Via Natural or Artificial Opening Endoscopic"
576,"Dilation of Esophagus with Intraluminal Device, Open Approach"
577,"Release Lower Esophagus, Percutaneous Endoscopic Approach"
578,Magnetic Resonance Imaging (MRI) of Portal and Splanchnic Veins using Other Contrast
579,Tomographic (Tomo) Nuclear Medicine Imaging of Lower Extremity using Thallium 201 (Tl-201)
580,"Repair Lumbar Plexus, Percutaneous Approach"
581,"Revision of Infusion Device in Vagina and Cul-de-sac, Via Natural or Artificial Opening Endoscopic"
582,"Bypass Right Femoral Artery to Posterior Tibial Artery with Synthetic Substitute, Open Approach"
583,"Bypass Coronary Artery, Two Arteries from Right Internal Mammary with Synthetic Substitute, Open Approach"
584,"Drainage of Right Zygomatic Bone, Open Approach, Diagnostic"
585,"Removal of Drainage Device from Urethra, Percutaneous Endoscopic Approach"
586,"Dilation of Inferior Mesenteric Artery, Bifurcation, with Four or More Intraluminal Devices, Percutaneous Approach"
587,"Repair Bilateral Testes, Percutaneous Endoscopic Approach"
588,"Removal of Autologous Tissue Substitute from Prostate and Seminal Vesicles, Percutaneous Approach"
589,"Dilation of Left Innominate Vein, Open Approach"
590,"Drainage of Left Tympanic Membrane with Drainage Device, Via Natural or Artificial Opening"
591,"Revision of Resurfacing Device in Right Hip Joint, Open Approach"
592,"Drainage of Bilateral Spermatic Cords, Percutaneous Approach"
593,"Revision of Autologous Tissue Substitute in Occipital-cervical Joint, External Approach"
594,"Repair Upper Jaw, Open Approach"
595,"Repair Brachial Plexus, Open Approach"
596,"Revision of Drainage Device in Lumbosacral Joint, Open Approach"
597,"Beam Radiation of Gallbladder using Heavy Particles (Protons,Ions)"
598,"Introduction of Local Anesthetic into Products of Conception, Percutaneous Approach"
599,"Extirpation of Matter from Left Neck Lymphatic, Percutaneous Approach"
600,"Supplement Left Upper Extremity with Nonautologous Tissue Substitute, Percutaneous Endoscopic Approach"
601,"Dilation of Right Radial Artery, Bifurcation, with Four or More Drug-eluting Intraluminal Devices, Percutaneous Endoscopic Approach"
602,"Repair Esophagus, Open Approach"
603,"Extracorporeal Membrane Oxygenation, Continuous"
604,Magnetic Resonance Imaging (MRI) of Bilateral Temporomandibular Joints using Other Contrast
605,"Reposition Right Temporal Artery, Open Approach"
606,"Extirpation of Matter from Face Skin, External Approach"
607,"Drainage of Ileocecal Valve, Via Natural or Artificial Opening Endoscopic"
608,"Supplement Right Inner Ear with Nonautologous Tissue Substitute, Open Approach"
609,"Dilation of Left Common Carotid Artery, Percutaneous Endoscopic Approach"
610,"Extraction of Accessory Sinus, Open Approach"
611,"Insertion of Radioactive Element into Respiratory Tract, Percutaneous Endoscopic Approach"
612,"Removal of Autologous Tissue Substitute from Lower Tendon, Percutaneous Endoscopic Approach"
613,"Release Left Occipital Bone, Percutaneous Approach"
614,"Revision of Synthetic Substitute in Left Rib, Open Approach"
615,"Drainage of Right Tarsal, Percutaneous Approach"
616,"Excision of Left Superior Parathyroid Gland, Percutaneous Approach, Diagnostic"
617,"Reposition Left Radius with Monoplanar External Fixation Device, Percutaneous Approach"
618,"Drainage of Scalp Subcutaneous Tissue and Fascia with Drainage Device, Percutaneous Approach"
619,"Removal of Intraluminal Device from Esophagus, Via Natural or Artificial Opening Endoscopic"
620,"Resection of Left Abdomen Bursa and Ligament, Open Approach"
621,"Transfer Optic Nerve to Acoustic Nerve, Open Approach"
622,"Excision of Left Hand Bursa and Ligament, Percutaneous Endoscopic Approach"
623,"Tendons, Revision"
624,"Supplement Bilateral Spermatic Cords with Autologous Tissue Substitute, Open Approach"
625,Ultrasonography of Ophthalmic Arteries
626,"Restriction of Splenic Artery, Percutaneous Approach"
627,"Drainage of Cul-de-sac, Via Natural or Artificial Opening, Diagnostic"
628,"Excision of Bilateral Testes, Percutaneous Endoscopic Approach, Diagnostic"
629,"Reposition Left Radial Artery, Percutaneous Approach"
630,"Bypass Left Kidney Pelvis to Ileocutaneous with Autologous Tissue Substitute, Percutaneous Endoscopic Approach"
631,"Bypass Duodenum to Cutaneous with Autologous Tissue Substitute, Via Natural or Artificial Opening Endoscopic"
632,"Excision of Scalp Subcutaneous Tissue and Fascia, Percutaneous Approach, Diagnostic"
633,"Drainage of Right Knee Tendon, Percutaneous Approach, Diagnostic"
634,"Removal of Internal Fixation Device from Right Femoral Shaft, Percutaneous Approach"
635,"Revision of Infusion Device in Penis, Open Approach"
636,"Bypass Jejunum to Anus with Autologous Tissue Substitute, Percutaneous Endoscopic Approach"
637,"Dilation of Gastric Artery, Bifurcation, with Four or More Intraluminal Devices, Open Approach"
638,"Transfer Left Hand Tendon, Open Approach"
639,"Transfer Oculomotor Nerve to Hypoglossal Nerve, Percutaneous Endoscopic Approach"
640,"Change Other Device in Cranial Cavity, External Approach"
641,"Drainage of Pancreatic Duct, Via Natural or Artificial Opening, Diagnostic"
642,"Alteration of Upper Back with Synthetic Substitute, Percutaneous Endoscopic Approach"
643,"Bypass Left Common Iliac Artery to Bilateral External Iliac Arteries with Autologous Arterial Tissue, Open Approach"
644,"Destruction of Right Breast, External Approach"
645,"Supplement Ascending Colon with Synthetic Substitute, Via Natural or Artificial Opening"
646,"Bypass Right Axillary Artery to Right Extracranial Artery with Nonautologous Tissue Substitute, Open Approach"
647,Magnetic Resonance Imaging (MRI) of Parathyroid Glands using Other Contrast
648,"Restriction of Right Parotid Duct with Extraluminal Device, Percutaneous Approach"
649,"Beam Radiation of Liver using Heavy Particles (Protons,Ions)"
650,"Occlusion of Left Common Carotid Artery with Intraluminal Device, Percutaneous Endoscopic Approach"
651,"Reposition Sigmoid Colon, Via Natural or Artificial Opening"
652,"Resection of Left Knee Bursa and Ligament, Percutaneous Endoscopic Approach"
653,"Extirpation of Matter from Left Peroneal Artery, Open Approach"
654,"Introduction of Other Antineoplastic into Biliary and Pancreatic Tract, Via Natural or Artificial Opening"
655,"Supplement Right Thumb with Synthetic Substitute, Percutaneous Endoscopic Approach"
656,"Drainage of Right Knee Region, Percutaneous Approach"
657,"Bypass Right Subclavian Artery to Left Lower Arm Artery with Autologous Arterial Tissue, Open Approach"
658,"Ultrasonography of Abdominal Aorta, Intravascular"
659,"Destruction of Right Mastoid Sinus, Percutaneous Endoscopic Approach"
660,"Reposition Jejunum, Open Approach"
661,"Destruction of Right Glenoid Cavity, Percutaneous Endoscopic Approach"
662,"Removal of Synthetic Substitute from Uterus and Cervix, Via Natural or Artificial Opening Endoscopic"
663,"Restriction of Sigmoid Colon, Percutaneous Approach"
664,"Occlusion of Left Brachial Artery with Extraluminal Device, Percutaneous Approach"
665,"Removal of Feeding Device from Stomach, Percutaneous Approach"
666,"Revision of Drainage Device in Cerebral Ventricle, External Approach"
667,"Drainage of Left Axillary Vein, Percutaneous Approach"
668,Tomographic (Tomo) Nuclear Medicine Imaging of Chest and Neck using Indium 111 (In-111)
669,"Reposition Right Scapula, Open Approach"
670,"Removal of Intraluminal Device from Lower Vein, External Approach"
671,"Drainage of Cervical Nerve, Percutaneous Endoscopic Approach, Diagnostic"
672,"Insertion of Other Device into Cranial Cavity, Percutaneous Approach"
673,"Restriction of Left Subclavian Artery, Percutaneous Approach"
674,"Bypass Left Ventricle to Pulmonary Trunk with Synthetic Substitute, Open Approach"
675,"Fusion of Left Ankle Joint with Autologous Tissue Substitute, Percutaneous Endoscopic Approach"
676,"Magnetic Resonance Imaging (MRI) of Left Upper Arm using Other Contrast, Unenhanced and Enhanced"
677,"Dilation of Right Radial Artery, Bifurcation, with Two Intraluminal Devices, Open Approach"
678,"Release Lumbar Vertebra, Open Approach"
679,"Bypass Esophagus to Cutaneous with Synthetic Substitute, Open Approach"
680,"Destruction of Right Nipple, Via Natural or Artificial Opening Endoscopic"
681,"Supplement Carina with Nonautologous Tissue Substitute, Percutaneous Endoscopic Approach"
682,"Insertion of Radioactive Element into Right Lung, Open Approach"
683,"Revision of Autologous Tissue Substitute in Left Carpal Joint, Percutaneous Approach"
684,"Monitoring of Products of Conception, Cardiac Sound, External Approach"
685,"Destruction of Lower Esophagus, Percutaneous Approach"
686,"Drainage of Thoracolumbar Vertebral Joint, Open Approach"
687,"Drainage of Left Temporal Artery, Percutaneous Endoscopic Approach"
688,"Control Bleeding in Mediastinum, Percutaneous Endoscopic Approach"
689,"Replacement of Left Pulmonary Vein with Nonautologous Tissue Substitute, Open Approach"
690,"Bypass Thoracic Aorta, Ascending/Arch to Subclavian, Percutaneous Endoscopic Approach"
691,"Dilation of Left Ulnar Artery with Three Drug-eluting Intraluminal Devices, Percutaneous Approach"
692,"Insertion of Pressure Sensor Monitoring Device into Right Pulmonary Artery, Percutaneous Endoscopic Approach"
693,"Bypass Abdominal Aorta to Left Femoral Artery, Open Approach"
694,"Extirpation of Matter from Left Lower Extremity Lymphatic, Open Approach"
695,"Excision of Right Shoulder Joint, Percutaneous Endoscopic Approach"
696,"Removal of Internal Fixation Device from Right Shoulder Joint, External Approach"
697,"Bypass Right Femoral Vein to Lower Vein with Autologous Venous Tissue, Open Approach"
698,"Restriction of Lower Esophagus with Intraluminal Device, Via Natural or Artificial Opening"
699,"Dilation of Right Thyroid Artery, Bifurcation, with Four or More Drug-eluting Intraluminal Devices, Percutaneous Endoscopic Approach"
700,"Reattachment of Right 2nd Toe, Open Approach"
701,"Drainage of Right Hand, Percutaneous Endoscopic Approach"
702,"Revision of Nonautologous Tissue Substitute in Vagina and Cul-de-sac, External Approach"
703,"Replacement of Hepatic Artery with Nonautologous Tissue Substitute, Open Approach"
704,"Removal of Internal Fixation Device from Right Finger Phalangeal Joint, Percutaneous Endoscopic Approach"
705,"Drainage of Left Retina with Drainage Device, Percutaneous Approach"
706,"Repair Left Ethmoid Sinus, Percutaneous Approach"
707,"Removal of Intraluminal Device from Left Eye, Open Approach"
708,Fluoroscopy of Inferior Vena Cava using High Osmolar Contrast
709,"Insertion of External Fixation Device into Right Humeral Shaft, Percutaneous Approach"
710,"Removal of Nonautologous Tissue Substitute from Left Pelvic Bone, Percutaneous Approach"
711,"Occlusion of Right Lower Lobe Bronchus with Intraluminal Device, Percutaneous Endoscopic Approach"
712,"Removal of Synthetic Substitute from Right Knee Joint, Femoral Surface, Percutaneous Endoscopic Approach"
713,"Anatomical Regions, Upper Extremities, Transplantation"
714,"Dilation of Left Common Iliac Artery with Two Drug-eluting Intraluminal Devices, Percutaneous Approach"
715,"Dilation of Right Axillary Artery, Bifurcation, with Four or More Intraluminal Devices, Percutaneous Endoscopic Approach"
716,"Extirpation of Matter from Left Sphenoid Bone, Open Approach"
717,"Drainage of Left Clavicle, Percutaneous Endoscopic Approach, Diagnostic"
718,"Revision of External Fixation Device in Left Radius, Percutaneous Endoscopic Approach"
719,"Restriction of Left Popliteal Artery with Extraluminal Device, Percutaneous Approach"
720,"Repair Left Orbit, Percutaneous Approach"
721,"Excision of Intracranial Vein, Percutaneous Approach, Diagnostic"
722,"Drainage of Larynx with Drainage Device, Percutaneous Endoscopic Approach"
723,"Removal of Nonautologous Tissue Substitute from Brain, Percutaneous Endoscopic Approach"
724,"Drainage of Right Humeral Head with Drainage Device, Open Approach"
725,"Revision of Infusion Device in Right Finger Phalangeal Joint, Percutaneous Endoscopic Approach"
726,"Removal of Autologous Tissue Substitute from Cranial Nerve, Percutaneous Endoscopic Approach"
727,Integumentary Integrity Assessment of Neurological System - Whole Body
728,"Release Left Tympanic Membrane, Open Approach"
729,"Measurement of Venous Flow, Pulmonary, Percutaneous Approach"
730,"Drainage of Lingula Bronchus, Open Approach, Diagnostic"
731,"Excision of Bilateral Breast, Open Approach"
732,"Removal of Internal Fixation Device from Right Sacroiliac Joint, Percutaneous Approach"
733,"Bypass Right Pulmonary Artery from Subclavian with No Device, Open Approach"
734,"Insertion of Infusion Device into Left Pulmonary Vein, Open Approach"
735,"Replacement of Right Ethmoid Bone with Autologous Tissue Substitute, Percutaneous Endoscopic Approach"
736,"Removal of Drainage Device from Thyroid Gland, External Approach"
737,"Excision of Left Trunk Tendon, Open Approach"
738,"Revision of Radioactive Element in Vagina and Cul-de-sac, Via Natural or Artificial Opening Endoscopic"
739,"Insertion of External Fixation Device into Right Ankle Joint, Percutaneous Endoscopic Approach"
740,"Extirpation of Matter from Right Anterior Chamber, External Approach"
741,"Removal of Drainage Device from Left Metacarpocarpal Joint, Percutaneous Endoscopic Approach"
742,"Removal of Synthetic Substitute from Left Metacarpal, Percutaneous Approach"
743,"Extirpation of Matter from Scalp Subcutaneous Tissue and Fascia, Percutaneous Approach"
744,"Dilation of Coronary Artery, Three Arteries, Percutaneous Endoscopic Approach"
745,"Revision of Contraceptive Device in Uterus and Cervix, Via Natural or Artificial Opening"
746,"Fusion of Left Sacroiliac Joint with Internal Fixation Device, Percutaneous Endoscopic Approach"
747,"Insertion of Other Device into Right Pleural Cavity, Open Approach"
748,"Radiation Therapy, Skin, Beam Radiation"
749,"Repair Pericardium, Percutaneous Approach"
750,"Bypass Stomach to Jejunum, Open Approach"
751,"Removal of Drainage Device from Lower Muscle, Percutaneous Approach"
752,"Restriction of Left Hand Vein, Percutaneous Endoscopic Approach"
753,"Insertion of Infusion Device into Lower Back, Open Approach"
754,"Removal of Nonautologous Tissue Substitute from Right Ulna, Percutaneous Endoscopic Approach"
755,"Drainage of Right Abdomen Muscle, Percutaneous Endoscopic Approach, Diagnostic"
756,Ultrasonography of Bilateral Fallopian Tubes using Other Contrast
757,"Extraction of Right Knee Bursa and Ligament, Percutaneous Approach"
758,"Division of Left Foot Subcutaneous Tissue and Fascia, Percutaneous Approach"
759,"Revision of Drainage Device in Right Temporomandibular Joint, Percutaneous Approach"
760,"Supplement Right 3rd Toe with Synthetic Substitute, Percutaneous Endoscopic Approach"
761,"Replacement of Chest Subcutaneous Tissue and Fascia with Synthetic Substitute, Percutaneous Approach"
762,"Occlusion of Middle Esophagus, Open Approach"
763,"Insertion of Monitoring Device into Pancreas, Percutaneous Endoscopic Approach"
764,"Revision of Nonautologous Tissue Substitute in Left Tarsal Joint, Open Approach"
765,"Restriction of Cecum with Intraluminal Device, Via Natural or Artificial Opening Endoscopic"
766,"Beam Radiation of Soft Palate using Electrons, Intraoperative"
767,"Bypass Left External Iliac Artery to Foot Artery with Autologous Arterial Tissue, Open Approach"
768,"Dilation of Cecum with Intraluminal Device, Via Natural or Artificial Opening Endoscopic"
769,"Supplement Right Thumb Phalanx with Autologous Tissue Substitute, Percutaneous Endoscopic Approach"
770,"Occlusion of Left Innominate Vein with Extraluminal Device, Percutaneous Endoscopic Approach"
771,"Excision of Rectum, Percutaneous Approach"
772,"Occlusion of Left Common Iliac Vein with Extraluminal Device, Open Approach"
773,"Supplement Left Hip Joint with Liner, Open Approach"
774,"Reposition Left Parietal Bone with Internal Fixation Device, Percutaneous Endoscopic Approach"
775,Magnetic Resonance Imaging (MRI) of Whole Fetus using Other Contrast
776,"Substance Abuse Treatment, Pharmacotherapy"
777,"Supplement Dura Mater with Synthetic Substitute, Open Approach"
778,"Transplantation of Face, Allogeneic, Open Approach"
779,"Bypass Coronary Artery, Three Arteries from Abdominal Artery with Synthetic Substitute, Open Approach"
780,"Dilation of Tricuspid Valve with Intraluminal Device, Open Approach"
781,"Revision of Nonautologous Tissue Substitute in Thoracolumbar Vertebral Disc, Open Approach"
782,"Dilation of Right Foot Artery, Open Approach"
783,"Restriction of Thoracic Aorta, Ascending/Arch with Intraluminal Device, Percutaneous Endoscopic Approach"
784,"Supplement Esophagus with Synthetic Substitute, Open Approach"
785,"Supplement Left Metatarsal-Tarsal Joint with Autologous Tissue Substitute, Open Approach"
786,"Excision of Right Metatarsal, Open Approach, Diagnostic"
787,"Supplement Right Common Carotid Artery with Synthetic Substitute, Open Approach"
788,"Dilation of Coronary Artery, One Artery, Bifurcation, with Intraluminal Device, Percutaneous Endoscopic Approach"
789,"Insertion of Intraluminal Device into Ileum, Via Natural or Artificial Opening Endoscopic"
790,"Excision of Right Lower Leg, Percutaneous Approach, Diagnostic"
791,"Excision of Left Ankle Tendon, Percutaneous Approach"
792,"Supplement Left Breast with Synthetic Substitute, Via Natural or Artificial Opening Endoscopic"
793,"Insertion of Intraluminal Device into Right External Jugular Vein, Open Approach"
794,"Introduction of Liquid Brachytherapy Radioisotope into Genitourinary Tract, Via Natural or Artificial Opening Endoscopic"
795,"Bypass Right Hepatic Duct to Left Hepatic Duct with Intraluminal Device, Percutaneous Endoscopic Approach"
796,"Bypass Right Axillary Vein to Upper Vein with Autologous Venous Tissue, Open Approach"
797,"Repair Right Ovary, Percutaneous Endoscopic Approach"
798,"Drainage of Right Fibula, Percutaneous Endoscopic Approach"
799,"Repair Left Upper Arm Subcutaneous Tissue and Fascia, Percutaneous Approach"
800,Fluoroscopy of Other Veins using Other Contrast
801,Magnetic Resonance Imaging (MRI) of Lumbar Disc(s)
802,"Occlusion of Left Hepatic Duct with Extraluminal Device, Open Approach"
803,"Drainage of Left Sacroiliac Joint, Percutaneous Endoscopic Approach, Diagnostic"
804,"Inspection of Mesentery, Open Approach"
805,Hyperthermia of Abdomen Skin
806,"Resection of Bladder, Via Natural or Artificial Opening"
807,"Insertion of Limb Lengthening External Fixation Device into Right Lower Femur, Open Approach"
808,"Extirpation of Matter from Right Acetabulum, Open Approach"
809,"Insertion of Infusion Device into Right Lower Arm, Percutaneous Approach"
810,"Reposition Right Toe Phalangeal Joint with Internal Fixation Device, Percutaneous Approach"
811,"Supplement Left Temporomandibular Joint with Nonautologous Tissue Substitute, Percutaneous Approach"
812,"Division of Back Skin, External Approach"
813,"Computerized Tomography (CT Scan) of Abdomen using High Osmolar Contrast, Unenhanced and Enhanced"
814,"Drainage of Left Temporomandibular Joint with Drainage Device, Percutaneous Approach"
815,"Release Left Abdomen Muscle, Percutaneous Approach"
816,"Supplement Right Atrium with Autologous Tissue Substitute, Percutaneous Approach"
817,"Release Left Tarsal Joint, External Approach"
818,"Bypass Colic Vein to Lower Vein with Synthetic Substitute, Percutaneous Endoscopic Approach"
819,"Dilation of Innominate Artery with Intraluminal Device, Open Approach"
820,"Alteration of Nose with Synthetic Substitute, External Approach"
821,"Release Hymen, Via Natural or Artificial Opening Endoscopic"
822,"Bypass Left Axillary Artery to Lower Arm Vein with Synthetic Substitute, Open Approach"
823,"Drainage of Head and Neck Sympathetic Nerve, Percutaneous Endoscopic Approach, Diagnostic"
824,Beam Radiation of Mandible using Photons 1 - 10 MeV
825,"Replacement of Gastric Artery with Autologous Tissue Substitute, Percutaneous Endoscopic Approach"
826,"Occlusion of Descending Colon, Via Natural or Artificial Opening Endoscopic"
827,"Extirpation of Matter from Hymen, Percutaneous Approach"
828,"Reposition Thoracic Vertebral Joint, External Approach"
829,"Reposition Right Humeral Head, Percutaneous Approach"
830,"Drainage of Left Tunica Vaginalis, Percutaneous Endoscopic Approach"
831,"Supplement Ileum with Autologous Tissue Substitute, Via Natural or Artificial Opening"
832,"Dilation of Inferior Mesenteric Artery, Bifurcation, with Three Intraluminal Devices, Percutaneous Approach"
833,Plain Radiography of Right Hand
834,"Supplement Right Hand Bursa and Ligament with Nonautologous Tissue Substitute, Percutaneous Endoscopic Approach"
835,"Abortion of Products of Conception, Via Natural or Artificial Opening Endoscopic"
836,"Ventilation, Respiration and Circulation Assessment of Respiratory System - Head and Neck"
837,"Revision of Autologous Tissue Substitute in Lower Extremity Subcutaneous Tissue and Fascia, External Approach"
838,"Extirpation of Matter from Left Adrenal Gland, Percutaneous Endoscopic Approach"
839,"Restriction of Innominate Artery, Percutaneous Approach"
840,Caregiver Training in Bathing/Showering Technique using Orthosis
841,"Bypass Left Common Carotid Artery to Left Extracranial Artery, Open Approach"
842,"Magnetic Resonance Imaging (MRI) of Bilateral Vertebral Arteries using Other Contrast, Unenhanced and Enhanced"
843,"Release Left Knee Bursa and Ligament, Percutaneous Approach"
844,"Restriction of Left External Carotid Artery, Percutaneous Approach"
845,"Bypass Left Femoral Vein to Lower Vein with Synthetic Substitute, Percutaneous Endoscopic Approach"
846,"Division of Right Humeral Head, Percutaneous Approach"
847,"Removal of Intraluminal Device from Uterus and Cervix, Percutaneous Approach"
848,Computerized Tomography (CT Scan) of Left Scapula using Low Osmolar Contrast
849,Therapeutic Exercise Treatment of Circulatory System - Upper Back / Upper Extremity using Aerobic Endurance and Conditioning Equipment
850,Range of Motion and Joint Mobility Treatment of Musculoskeletal System - Whole Body
851,"Destruction of Appendix, Percutaneous Endoscopic Approach"
852,"Insertion of Intraluminal Device into Left Renal Vein, Percutaneous Endoscopic Approach"
853,"Replacement of Pulmonary Trunk with Synthetic Substitute, Open Approach"
854,"Release Head Muscle, Open Approach"
855,"Bypass Right Innominate Vein to Upper Vein with Nonautologous Tissue Substitute, Percutaneous Endoscopic Approach"
856,"Revision of Synthetic Substitute in Head and Neck Subcutaneous Tissue and Fascia, Percutaneous Approach"
857,"Restriction of Thorax Lymphatic with Intraluminal Device, Open Approach"
858,"Reposition Splenic Vein, Percutaneous Endoscopic Approach"
859,"Replacement of Face Skin with Nonautologous Tissue Substitute, Partial Thickness, External Approach"
860,"Revision of Infusion Device in Left Carpal Joint, Percutaneous Approach"
861,"Drainage of Left Upper Arm with Drainage Device, Percutaneous Approach"
862,"Insertion of Vascular Access Device into Left Lower Arm Subcutaneous Tissue and Fascia, Percutaneous Approach"
863,"Beam Radiation of Abdomen Lymphatics using Electrons, Intraoperative"
864,"Release Left Peroneal Artery, Percutaneous Endoscopic Approach"
865,"Bypass Bilateral Ureters to Ileum with Synthetic Substitute, Percutaneous Endoscopic Approach"
866,"Revision of Drainage Device in Left Finger Phalangeal Joint, Percutaneous Approach"
867,"Removal of Nonautologous Tissue Substitute from Bladder, Open Approach"
868,"Insertion of Feeding Device into Small Intestine, Open Approach"
869,"Destruction of Left Face Vein, Open Approach"
870,"Bypass Left Basilic Vein to Upper Vein with Autologous Tissue Substitute, Percutaneous Endoscopic Approach"
871,"Excision of Left Shoulder Joint, Percutaneous Endoscopic Approach"
872,"Release Perineum Muscle, Open Approach"
873,"Drainage of Right Maxilla with Drainage Device, Percutaneous Endoscopic Approach"
874,"Revision of Synthetic Substitute in Left Metacarpocarpal Joint, Percutaneous Endoscopic Approach"
875,"Release Right Lower Extremity Lymphatic, Percutaneous Approach"
876,"Release Left Trunk Tendon, External Approach"
877,"Occlusion of Left Temporal Artery with Intraluminal Device, Percutaneous Approach"
878,"Drainage of Right Lower Arm and Wrist Muscle with Drainage Device, Percutaneous Approach"
879,"Destruction of Right Main Bronchus, Open Approach"
880,"Bypass Left Pleural Cavity to Lower Vein with Synthetic Substitute, Percutaneous Endoscopic Approach"
881,"Introduction of Electrolytic and Water Balance Substance into Spinal Canal, Percutaneous Approach"
882,"Reattachment of Abdomen Skin, External Approach"
883,"Removal of Nonautologous Tissue Substitute from Right Eye, Open Approach"
884,"Revision of Spacer in Right Finger Phalangeal Joint, Percutaneous Endoscopic Approach"
885,"Removal of Drainage Device from Cisterna Chyli, Percutaneous Approach"
886,"Removal of Internal Fixation Device from Right Acetabulum, Percutaneous Approach"
887,"Resection of Left Diaphragm, Percutaneous Endoscopic Approach"
888,"Extirpation of Matter from Right Lower Lung Lobe, Percutaneous Endoscopic Approach"
889,"Excision of Right Thyroid Gland Lobe, Open Approach"
890,"Transplantation of Spleen, Allogeneic, Open Approach"
891,"Insertion of Other Device into Left Pleural Cavity, Percutaneous Endoscopic Approach"
892,"Insertion of Internal Fixation Device into Left Glenoid Cavity, Percutaneous Approach"
893,"Release Thorax Lymphatic, Open Approach"
894,"Division of Cervical Plexus, Open Approach"
895,"Supplement Left Pelvic Bone with Autologous Tissue Substitute, Percutaneous Approach"
896,"Revision of Autologous Tissue Substitute in Right Ulna, External Approach"
897,"Occlusion of Pulmonary Valve with Intraluminal Device, Percutaneous Endoscopic Approach"
898,Magnetic Resonance Imaging (MRI) of Left Kidney
899,"Dilation of Left Anterior Tibial Artery, Bifurcation, with Two Intraluminal Devices, Percutaneous Approach"
900,"Excision of Mitral Valve, Open Approach"
901,"Removal of Infusion Device from Left Upper Extremity, Percutaneous Endoscopic Approach"
902,"Insertion of Infusion Device into Right Finger Phalangeal Joint, Open Approach"
903,"Drainage of Left Lower Extremity, Percutaneous Endoscopic Approach, Diagnostic"
904,"Excision of Pelvis Lymphatic, Percutaneous Endoscopic Approach, Diagnostic"
905,"Bypass Right Kidney Pelvis to Cutaneous, Open Approach"
906,"Drainage of Upper Lip with Drainage Device, External Approach"
907,"Removal of Synthetic Substitute from Hepatobiliary Duct, Percutaneous Endoscopic Approach"
908,"Supplement Azygos Vein with Autologous Tissue Substitute, Percutaneous Approach"
909,"Insertion of Infusion Device into Ovary, Open Approach"
910,"Supplement Stomach, Pylorus with Autologous Tissue Substitute, Percutaneous Endoscopic Approach"
911,"Dilation of Cervix with Intraluminal Device, Percutaneous Endoscopic Approach"
912,"Restriction of Left Posterior Tibial Artery with Extraluminal Device, Percutaneous Approach"
913,"Dilation of Bilateral Ureters, Via Natural or Artificial Opening"
914,"Removal of Synthetic Substitute from Left Fibula, Percutaneous Endoscopic Approach"
915,Tomographic (Tomo) Nuclear Medicine Imaging of Bilateral Upper Extremities using Other Radionuclide
916,"Creation of Mitral Valve from Common Atrioventricular Valve using Zooplastic Tissue, Open Approach"
917,"Excision of Abducens Nerve, Percutaneous Endoscopic Approach, Diagnostic"
918,"Drainage of Left External Auditory Canal, Percutaneous Endoscopic Approach, Diagnostic"
919,"Release Lingula Bronchus, Percutaneous Approach"
920,"Occlusion of Right Anterior Tibial Artery with Extraluminal Device, Percutaneous Endoscopic Approach"
921,"Supplement Left Sacroiliac Joint with Synthetic Substitute, Open Approach"
922,"Removal of External Fixation Device from Left Patella, Percutaneous Approach"
923,"Transfer Right Thorax Muscle with Skin and Subcutaneous Tissue, Open Approach"
924,"Alteration of Right External Ear with Nonautologous Tissue Substitute, Open Approach"
925,"Dilation of Right Renal Artery, Bifurcation, with Three Intraluminal Devices, Percutaneous Endoscopic Approach"
926,Therapeutic Exercise Treatment of Circulatory System - Lower Back / Lower Extremity using Aerobic Endurance and Conditioning Equipment
927,"Ultrasound Therapy of Heart, Multiple"
928,"Transfer Facial Muscle with Skin, Open Approach"
929,"Reposition Right Sternoclavicular Joint with Internal Fixation Device, Percutaneous Endoscopic Approach"
930,"Drainage of Amniotic Fluid, Therapeutic from Products of Conception, Percutaneous Endoscopic Approach"
931,"Extirpation of Matter from Nasal Turbinate, Percutaneous Endoscopic Approach"
932,"Bypass Splenic Vein to Right Renal Vein with Autologous Tissue Substitute, Percutaneous Endoscopic Approach"
933,"Extirpation of Matter from Right Internal Iliac Artery, Bifurcation, Open Approach"
934,"Alteration of Left External Ear, Open Approach"
935,"Bypass Bilateral Vas Deferens to Left Vas Deferens, Open Approach"
936,"Dilation of Right Common Carotid Artery with Four or More Intraluminal Devices, Percutaneous Approach"
937,"Reposition Right Hip Joint with Internal Fixation Device, Percutaneous Endoscopic Approach"
938,"Bypass Right Kidney Pelvis to Colon, Open Approach"
939,"Removal of Internal Fixation Device from Right Metatarsal, Percutaneous Approach"
940,"Excision of Right Middle Lung Lobe, Via Natural or Artificial Opening, Diagnostic"
941,"Bypass Hemiazygos Vein to Upper Vein with Autologous Arterial Tissue, Open Approach"
942,"Supplement Left 3rd Toe with Autologous Tissue Substitute, Percutaneous Endoscopic Approach"
943,"Supplement Superior Vena Cava with Autologous Tissue Substitute, Percutaneous Endoscopic Approach"
944,"Insertion of Spacer into Left Ankle Joint, Open Approach"
945,"Drainage of Lumbosacral Plexus, Percutaneous Endoscopic Approach, Diagnostic"
946,"Revision of Nonautologous Tissue Substitute in Stomach, Percutaneous Approach"
947,"Excision of Right Maxillary Sinus, Percutaneous Approach, Diagnostic"
948,"Alteration of Anterior Neck Subcutaneous Tissue and Fascia, Percutaneous Approach"
949,"Supplement Left Occipital Bone with Nonautologous Tissue Substitute, Percutaneous Endoscopic Approach"
950,"Bypass Left Cephalic Vein to Upper Vein, Percutaneous Endoscopic Approach"
951,Contact Radiation of Colon
952,"Removal of Synthetic Substitute from Upper Extremity Subcutaneous Tissue and Fascia, Percutaneous Approach"
953,"Supplement Descending Colon with Nonautologous Tissue Substitute, Via Natural or Artificial Opening Endoscopic"
954,"Bypass Superior Mesenteric Vein to Lower Vein with Synthetic Substitute, Percutaneous Endoscopic Approach"
955,"Removal of Extraluminal Device from Upper Vein, Percutaneous Approach"
956,Nonimaging Nuclear Medicine Probe of Upper Extremities
957,"Bypass Right External Iliac Artery to Bilateral Femoral Arteries with Nonautologous Tissue Substitute, Percutaneous Endoscopic Approach"
958,"Supplement Left Ureter with Synthetic Substitute, Percutaneous Endoscopic Approach"
959,"Bypass Peritoneal Cavity to Lower Vein with Synthetic Substitute, Percutaneous Endoscopic Approach"
960,"Destruction of Left Hand Subcutaneous Tissue and Fascia, Open Approach"
961,"Insertion of Other Device into Left Foot, Percutaneous Endoscopic Approach"
962,"Dilation of Left External Iliac Artery, Bifurcation, with Drug-eluting Intraluminal Device, Percutaneous Approach"
963,"Drainage of Upper Esophagus, Open Approach, Diagnostic"
964,"Extirpation of Matter from Right Elbow Bursa and Ligament, Percutaneous Endoscopic Approach"
965,"Replacement of Left Hand Artery with Synthetic Substitute, Open Approach"
966,Plain Radiography of Right Submandibular Gland using Low Osmolar Contrast
967,"Excision of Right Lower Extremity Bursa and Ligament, Open Approach, Diagnostic"
968,"Release Right Toe Phalangeal Joint, Percutaneous Endoscopic Approach"
969,"Detachment at Right 2nd Toe, Complete, Open Approach"
970,"Excision of Left Hand Skin, External Approach, Diagnostic"
971,"Inspection of Left Tarsal Joint, Percutaneous Approach"
972,"Drainage of Cerebral Meninges, Percutaneous Approach, Diagnostic"
973,"Hepatobiliary System and Pancreas, Bypass"
974,"Insertion of Hearing Device into Right Temporal Bone, Percutaneous Approach"
975,"Inspection of Right Axilla, Percutaneous Approach"
976,"Measurement of Circulatory Volume, External Approach"
977,"Ear, Nose, Sinus, Reattachment"
978,"Introduction of Recombinant Bone Morphogenetic Protein into Joints, Open Approach"
979,"Bypass Left Femoral Artery to Peroneal Artery with Synthetic Substitute, Percutaneous Endoscopic Approach"
980,"Release Left Hand Skin, External Approach"
981,"Introduction of Monoclonal Antibody into Bone Marrow, Percutaneous Approach"
982,Ultrasonography of Right and Left Heart using Other Contrast
983,"Release Right Shoulder Bursa and Ligament, External Approach"
984,"Reattachment of Esophagus, Percutaneous Endoscopic Approach"
985,"Control Bleeding in Right Femoral Region, Percutaneous Approach"
986,"Excision of Left Metacarpophalangeal Joint, Open Approach"
987,"Dilation of Right Colic Artery with Three Drug-eluting Intraluminal Devices, Open Approach"
988,"Extraction of Right Foot Bursa and Ligament, Percutaneous Endoscopic Approach"
989,"Destruction of Left Lung, Via Natural or Artificial Opening Endoscopic"
990,"Dilation of Right Kidney Pelvis with Intraluminal Device, Percutaneous Endoscopic Approach"
991,"Transfer Left Thorax Muscle with Skin, Open Approach"
992,"Drainage of Left Breast, Via Natural or Artificial Opening Endoscopic"
993,"Bypass Right Femoral Artery to Posterior Tibial Artery, Percutaneous Endoscopic Approach"
994,"Supplement Right Finger Phalangeal Joint with Autologous Tissue Substitute, Percutaneous Endoscopic Approach"
995,"Drainage of Lumbar Sympathetic Nerve, Percutaneous Approach"
996,"Supplement Right Pelvic Bone with Nonautologous Tissue Substitute, Percutaneous Endoscopic Approach"
997,"Reposition Right Metatarsal, Open Approach"
998,"Revision of Intraluminal Device in Hepatobiliary Duct, Via Natural or Artificial Opening Endoscopic"
999,"Fragmentation in Small Intestine, External Approach"
1000,"Supplement Right Greater Saphenous Vein with Synthetic Substitute, Percutaneous Approach"
